,Unnamed: 0,original,gen,transformation,org label,trns label,label,IQA
0,275,C:\Users\ASUS\Desktop\research\mitacs project\paper experiments\cifar dataset\cifar_org_dataset\batch_5_1241.png,C:\Users\ASUS\Desktop\research\mitacs project\paper experiments\cifar dataset\cifar_gen_dataset\batch_5_1241.png,brightness,car,car,1,0.845908055
1,276,C:\Users\ASUS\Desktop\research\mitacs project\paper experiments\cifar dataset\cifar_org_dataset\batch_5_1278.png,C:\Users\ASUS\Desktop\research\mitacs project\paper experiments\cifar dataset\cifar_gen_dataset\batch_5_1278.png,brightness,car,car,1,0.489403908
2,277,C:\Users\ASUS\Desktop\research\mitacs project\paper experiments\cifar dataset\cifar_org_dataset\batch_5_1293.png,C:\Users\ASUS\Desktop\research\mitacs project\paper experiments\cifar dataset\cifar_gen_dataset\batch_5_1293.png,brightness,not car,not car,1,0.119454846
3,278,C:\Users\ASUS\Desktop\research\mitacs project\paper experiments\cifar dataset\cifar_org_dataset\batch_5_1322.png,C:\Users\ASUS\Desktop\research\mitacs project\paper experiments\cifar dataset\cifar_gen_dataset\batch_5_1322.png,brightness,car,car,1,0.170993498
4,279,C:\Users\ASUS\Desktop\research\mitacs project\paper experiments\cifar dataset\cifar_org_dataset\batch_5_1396.png,C:\Users\ASUS\Desktop\research\mitacs project\paper experiments\cifar dataset\cifar_gen_dataset\batch_5_1396.png,brightness,car,car,1,0.468457984
5,280,C:\Users\ASUS\Desktop\research\mitacs project\paper experiments\cifar dataset\cifar_org_dataset\batch_5_1557.png,C:\Users\ASUS\Desktop\research\mitacs project\paper experiments\cifar dataset\cifar_gen_dataset\batch_5_1557.png,brightness,not car,not car,1,0.691655457
6,281,C:\Users\ASUS\Desktop\research\mitacs project\paper experiments\cifar dataset\cifar_org_dataset\batch_5_1593.png,C:\Users\ASUS\Desktop\research\mitacs project\paper experiments\cifar dataset\cifar_gen_dataset\batch_5_1593.png,brightness,not car,not car,1,0.310950894
7,282,C:\Users\ASUS\Desktop\research\mitacs project\paper experiments\cifar dataset\cifar_org_dataset\batch_5_1652.png,C:\Users\ASUS\Desktop\research\mitacs project\paper experiments\cifar dataset\cifar_gen_dataset\batch_5_1652.png,brightness,not car,not car,1,0.221410465
8,283,C:\Users\ASUS\Desktop\research\mitacs project\paper experiments\cifar dataset\cifar_org_dataset\batch_5_1679.png,C:\Users\ASUS\Desktop\research\mitacs project\paper experiments\cifar dataset\cifar_gen_dataset\batch_5_1679.png,brightness,not car,not car,1,0.6029537
9,284,C:\Users\ASUS\Desktop\research\mitacs project\paper experiments\cifar dataset\cifar_org_dataset\batch_5_175.png,C:\Users\ASUS\Desktop\research\mitacs project\paper experiments\cifar dataset\cifar_gen_dataset\batch_5_175.png,brightness,not car,not car,1,0.754391879
10,285,C:\Users\ASUS\Desktop\research\mitacs project\paper experiments\cifar dataset\cifar_org_dataset\batch_5_1842.png,C:\Users\ASUS\Desktop\research\mitacs project\paper experiments\cifar dataset\cifar_gen_dataset\batch_5_1842.png,brightness,not car,not car,1,0.022921724
11,286,C:\Users\ASUS\Desktop\research\mitacs project\paper experiments\cifar dataset\cifar_org_dataset\batch_5_1975.png,C:\Users\ASUS\Desktop\research\mitacs project\paper experiments\cifar dataset\cifar_gen_dataset\batch_5_1975.png,brightness,not car,not car,1,0.458269331
12,287,C:\Users\ASUS\Desktop\research\mitacs project\paper experiments\cifar dataset\cifar_org_dataset\batch_5_2131.png,C:\Users\ASUS\Desktop\research\mitacs project\paper experiments\cifar dataset\cifar_gen_dataset\batch_5_2131.png,brightness,not car,not car,1,0.334037031
13,288,C:\Users\ASUS\Desktop\research\mitacs project\paper experiments\cifar dataset\cifar_org_dataset\batch_5_2505.png,C:\Users\ASUS\Desktop\research\mitacs project\paper experiments\cifar dataset\cifar_gen_dataset\batch_5_2505.png,brightness,not car,not car,1,0.470933272
14,289,C:\Users\ASUS\Desktop\research\mitacs project\paper experiments\cifar dataset\cifar_org_dataset\batch_5_2594.png,C:\Users\ASUS\Desktop\research\mitacs project\paper experiments\cifar dataset\cifar_gen_dataset\batch_5_2594.png,brightness,not car,not car,1,0.868334952
15,290,C:\Users\ASUS\Desktop\research\mitacs project\paper experiments\cifar dataset\cifar_org_dataset\batch_5_2610.png,C:\Users\ASUS\Desktop\research\mitacs project\paper experiments\cifar dataset\cifar_gen_dataset\batch_5_2610.png,brightness,not car,not car,1,0.854872732
16,291,C:\Users\ASUS\Desktop\research\mitacs project\paper experiments\cifar dataset\cifar_org_dataset\batch_5_2649.png,C:\Users\ASUS\Desktop\research\mitacs project\paper experiments\cifar dataset\cifar_gen_dataset\batch_5_2649.png,brightness,not car,not car,1,0.53985227
17,292,C:\Users\ASUS\Desktop\research\mitacs project\paper experiments\cifar dataset\cifar_org_dataset\batch_5_2706.png,C:\Users\ASUS\Desktop\research\mitacs project\paper experiments\cifar dataset\cifar_gen_dataset\batch_5_2706.png,brightness,not car,not car,1,0.399368961
18,293,C:\Users\ASUS\Desktop\research\mitacs project\paper experiments\cifar dataset\cifar_org_dataset\batch_5_2830.png,C:\Users\ASUS\Desktop\research\mitacs project\paper experiments\cifar dataset\cifar_gen_dataset\batch_5_2830.png,brightness,not car,not car,1,0.197547766
19,294,C:\Users\ASUS\Desktop\research\mitacs project\paper experiments\cifar dataset\cifar_org_dataset\batch_5_2898.png,C:\Users\ASUS\Desktop\research\mitacs project\paper experiments\cifar dataset\cifar_gen_dataset\batch_5_2898.png,brightness,not car,not car,1,0.140874498
20,295,C:\Users\ASUS\Desktop\research\mitacs project\paper experiments\cifar dataset\cifar_org_dataset\batch_5_3027.png,C:\Users\ASUS\Desktop\research\mitacs project\paper experiments\cifar dataset\cifar_gen_dataset\batch_5_3027.png,brightness,not car,not car,1,0.267724617
21,296,C:\Users\ASUS\Desktop\research\mitacs project\paper experiments\cifar dataset\cifar_org_dataset\batch_5_330.png,C:\Users\ASUS\Desktop\research\mitacs project\paper experiments\cifar dataset\cifar_gen_dataset\batch_5_330.png,brightness,not car,not car,1,0.001894483
22,297,C:\Users\ASUS\Desktop\research\mitacs project\paper experiments\cifar dataset\cifar_org_dataset\batch_5_3311.png,C:\Users\ASUS\Desktop\research\mitacs project\paper experiments\cifar dataset\cifar_gen_dataset\batch_5_3311.png,brightness,car,car,1,0.630557195
23,298,C:\Users\ASUS\Desktop\research\mitacs project\paper experiments\cifar dataset\cifar_org_dataset\batch_5_3372.png,C:\Users\ASUS\Desktop\research\mitacs project\paper experiments\cifar dataset\cifar_gen_dataset\batch_5_3372.png,brightness,car,car,1,0.936076542
24,299,C:\Users\ASUS\Desktop\research\mitacs project\paper experiments\cifar dataset\cifar_org_dataset\batch_5_3563.png,C:\Users\ASUS\Desktop\research\mitacs project\paper experiments\cifar dataset\cifar_gen_dataset\batch_5_3563.png,brightness,not car,not car,1,0.511939451
25,300,C:\Users\ASUS\Desktop\research\mitacs project\paper experiments\cifar dataset\cifar_org_dataset\batch_5_3651.png,C:\Users\ASUS\Desktop\research\mitacs project\paper experiments\cifar dataset\cifar_gen_dataset\batch_5_3651.png,brightness,not car,not car,1,0.344842545
26,301,C:\Users\ASUS\Desktop\research\mitacs project\paper experiments\cifar dataset\cifar_org_dataset\batch_5_3873.png,C:\Users\ASUS\Desktop\research\mitacs project\paper experiments\cifar dataset\cifar_gen_dataset\batch_5_3873.png,brightness,not car,not car,1,0.296931035
27,302,C:\Users\ASUS\Desktop\research\mitacs project\paper experiments\cifar dataset\cifar_org_dataset\batch_5_3978.png,C:\Users\ASUS\Desktop\research\mitacs project\paper experiments\cifar dataset\cifar_gen_dataset\batch_5_3978.png,brightness,not car,not car,1,0.335036905
28,303,C:\Users\ASUS\Desktop\research\mitacs project\paper experiments\cifar dataset\cifar_org_dataset\batch_5_4212.png,C:\Users\ASUS\Desktop\research\mitacs project\paper experiments\cifar dataset\cifar_gen_dataset\batch_5_4212.png,brightness,car,car,1,0.471345104
29,304,C:\Users\ASUS\Desktop\research\mitacs project\paper experiments\cifar dataset\cifar_org_dataset\batch_5_4312.png,C:\Users\ASUS\Desktop\research\mitacs project\paper experiments\cifar dataset\cifar_gen_dataset\batch_5_4312.png,brightness,not car,not car,1,0.920460806
30,305,C:\Users\ASUS\Desktop\research\mitacs project\paper experiments\cifar dataset\cifar_org_dataset\batch_5_4410.png,C:\Users\ASUS\Desktop\research\mitacs project\paper experiments\cifar dataset\cifar_gen_dataset\batch_5_4410.png,brightness,car,car,1,0.933048951
31,306,C:\Users\ASUS\Desktop\research\mitacs project\paper experiments\cifar dataset\cifar_org_dataset\batch_5_4461.png,C:\Users\ASUS\Desktop\research\mitacs project\paper experiments\cifar dataset\cifar_gen_dataset\batch_5_4461.png,brightness,not car,not car,1,0.108114652
32,307,C:\Users\ASUS\Desktop\research\mitacs project\paper experiments\cifar dataset\cifar_org_dataset\batch_5_4508.png,C:\Users\ASUS\Desktop\research\mitacs project\paper experiments\cifar dataset\cifar_gen_dataset\batch_5_4508.png,brightness,not car,not car,1,0.740034235
33,308,C:\Users\ASUS\Desktop\research\mitacs project\paper experiments\cifar dataset\cifar_org_dataset\batch_5_4639.png,C:\Users\ASUS\Desktop\research\mitacs project\paper experiments\cifar dataset\cifar_gen_dataset\batch_5_4639.png,brightness,not car,not car,1,0.201297437
34,309,C:\Users\ASUS\Desktop\research\mitacs project\paper experiments\cifar dataset\cifar_org_dataset\batch_5_5087.png,C:\Users\ASUS\Desktop\research\mitacs project\paper experiments\cifar dataset\cifar_gen_dataset\batch_5_5087.png,brightness,not car,not car,1,0.275880393
35,310,C:\Users\ASUS\Desktop\research\mitacs project\paper experiments\cifar dataset\cifar_org_dataset\batch_5_511.png,C:\Users\ASUS\Desktop\research\mitacs project\paper experiments\cifar dataset\cifar_gen_dataset\batch_5_511.png,brightness,not car,not car,1,0.216641384
36,311,C:\Users\ASUS\Desktop\research\mitacs project\paper experiments\cifar dataset\cifar_org_dataset\batch_5_532.png,C:\Users\ASUS\Desktop\research\mitacs project\paper experiments\cifar dataset\cifar_gen_dataset\batch_5_532.png,brightness,not car,not car,1,0.2049873
37,312,C:\Users\ASUS\Desktop\research\mitacs project\paper experiments\cifar dataset\cifar_org_dataset\batch_5_5472.png,C:\Users\ASUS\Desktop\research\mitacs project\paper experiments\cifar dataset\cifar_gen_dataset\batch_5_5472.png,brightness,car,car,1,0.396358378
38,313,C:\Users\ASUS\Desktop\research\mitacs project\paper experiments\cifar dataset\cifar_org_dataset\batch_5_5508.png,C:\Users\ASUS\Desktop\research\mitacs project\paper experiments\cifar dataset\cifar_gen_dataset\batch_5_5508.png,brightness,not car,not car,1,0.127940733
39,314,C:\Users\ASUS\Desktop\research\mitacs project\paper experiments\cifar dataset\cifar_org_dataset\batch_5_5642.png,C:\Users\ASUS\Desktop\research\mitacs project\paper experiments\cifar dataset\cifar_gen_dataset\batch_5_5642.png,brightness,car,car,1,0.745610992
40,315,C:\Users\ASUS\Desktop\research\mitacs project\paper experiments\cifar dataset\cifar_org_dataset\batch_5_596.png,C:\Users\ASUS\Desktop\research\mitacs project\paper experiments\cifar dataset\cifar_gen_dataset\batch_5_596.png,brightness,not car,car,0,0.839388986
41,316,C:\Users\ASUS\Desktop\research\mitacs project\paper experiments\cifar dataset\cifar_org_dataset\batch_5_639.png,C:\Users\ASUS\Desktop\research\mitacs project\paper experiments\cifar dataset\cifar_gen_dataset\batch_5_639.png,brightness,not car,not car,1,0.654926986
42,317,C:\Users\ASUS\Desktop\research\mitacs project\paper experiments\cifar dataset\cifar_org_dataset\batch_5_6589.png,C:\Users\ASUS\Desktop\research\mitacs project\paper experiments\cifar dataset\cifar_gen_dataset\batch_5_6589.png,brightness,not car,not car,1,0.273531051
43,318,C:\Users\ASUS\Desktop\research\mitacs project\paper experiments\cifar dataset\cifar_org_dataset\batch_5_718.png,C:\Users\ASUS\Desktop\research\mitacs project\paper experiments\cifar dataset\cifar_gen_dataset\batch_5_718.png,brightness,not car,not car,1,0.326507461
44,319,C:\Users\ASUS\Desktop\research\mitacs project\paper experiments\cifar dataset\cifar_org_dataset\batch_5_7304.png,C:\Users\ASUS\Desktop\research\mitacs project\paper experiments\cifar dataset\cifar_gen_dataset\batch_5_7304.png,brightness,not car,not car,1,0.336762042
45,320,C:\Users\ASUS\Desktop\research\mitacs project\paper experiments\cifar dataset\cifar_org_dataset\batch_5_7536.png,C:\Users\ASUS\Desktop\research\mitacs project\paper experiments\cifar dataset\cifar_gen_dataset\batch_5_7536.png,brightness,not car,not car,1,0.124080637
46,321,C:\Users\ASUS\Desktop\research\mitacs project\paper experiments\cifar dataset\cifar_org_dataset\batch_5_7560.png,C:\Users\ASUS\Desktop\research\mitacs project\paper experiments\cifar dataset\cifar_gen_dataset\batch_5_7560.png,brightness,not car,not car,1,0.142372395
47,322,C:\Users\ASUS\Desktop\research\mitacs project\paper experiments\cifar dataset\cifar_org_dataset\batch_5_7756.png,C:\Users\ASUS\Desktop\research\mitacs project\paper experiments\cifar dataset\cifar_gen_dataset\batch_5_7756.png,brightness,not car,not car,1,0.605944087
48,323,C:\Users\ASUS\Desktop\research\mitacs project\paper experiments\cifar dataset\cifar_org_dataset\batch_5_7769.png,C:\Users\ASUS\Desktop\research\mitacs project\paper experiments\cifar dataset\cifar_gen_dataset\batch_5_7769.png,brightness,not car,not car,1,0.464390102
49,324,C:\Users\ASUS\Desktop\research\mitacs project\paper experiments\cifar dataset\cifar_org_dataset\batch_5_7782.png,C:\Users\ASUS\Desktop\research\mitacs project\paper experiments\cifar dataset\cifar_gen_dataset\batch_5_7782.png,brightness,not car,car,0,0.174325096
50,325,C:\Users\ASUS\Desktop\research\mitacs project\paper experiments\cifar dataset\cifar_org_dataset\batch_5_8068.png,C:\Users\ASUS\Desktop\research\mitacs project\paper experiments\cifar dataset\cifar_gen_dataset\batch_5_8068.png,brightness,not car,not car,1,0.191453495
51,326,C:\Users\ASUS\Desktop\research\mitacs project\paper experiments\cifar dataset\cifar_org_dataset\batch_5_8235.png,C:\Users\ASUS\Desktop\research\mitacs project\paper experiments\cifar dataset\cifar_gen_dataset\batch_5_8235.png,brightness,not car,not car,1,0.18787689
52,327,C:\Users\ASUS\Desktop\research\mitacs project\paper experiments\cifar dataset\cifar_org_dataset\batch_5_8497.png,C:\Users\ASUS\Desktop\research\mitacs project\paper experiments\cifar dataset\cifar_gen_dataset\batch_5_8497.png,brightness,not car,not car,1,0.429833918
53,328,C:\Users\ASUS\Desktop\research\mitacs project\paper experiments\cifar dataset\cifar_org_dataset\batch_5_8545.png,C:\Users\ASUS\Desktop\research\mitacs project\paper experiments\cifar dataset\cifar_gen_dataset\batch_5_8545.png,brightness,not car,not car,1,0.475744965
54,329,C:\Users\ASUS\Desktop\research\mitacs project\paper experiments\cifar dataset\cifar_org_dataset\batch_5_8733.png,C:\Users\ASUS\Desktop\research\mitacs project\paper experiments\cifar dataset\cifar_gen_dataset\batch_5_8733.png,brightness,not car,not car,1,0.609126873
55,330,C:\Users\ASUS\Desktop\research\mitacs project\paper experiments\cifar dataset\cifar_org_dataset\batch_5_8761.png,C:\Users\ASUS\Desktop\research\mitacs project\paper experiments\cifar dataset\cifar_gen_dataset\batch_5_8761.png,brightness,not car,not car,1,0.814174297
56,331,C:\Users\ASUS\Desktop\research\mitacs project\paper experiments\cifar dataset\cifar_org_dataset\batch_5_9013.png,C:\Users\ASUS\Desktop\research\mitacs project\paper experiments\cifar dataset\cifar_gen_dataset\batch_5_9013.png,brightness,not car,not car,1,0.617666372
57,332,C:\Users\ASUS\Desktop\research\mitacs project\paper experiments\cifar dataset\cifar_org_dataset\batch_5_9189.png,C:\Users\ASUS\Desktop\research\mitacs project\paper experiments\cifar dataset\cifar_gen_dataset\batch_5_9189.png,brightness,not car,not car,1,0.824083875
58,333,C:\Users\ASUS\Desktop\research\mitacs project\paper experiments\cifar dataset\cifar_org_dataset\batch_5_9257.png,C:\Users\ASUS\Desktop\research\mitacs project\paper experiments\cifar dataset\cifar_gen_dataset\batch_5_9257.png,brightness,car,not car,0,0.415963817
59,334,C:\Users\ASUS\Desktop\research\mitacs project\paper experiments\cifar dataset\cifar_org_dataset\batch_5_9697.png,C:\Users\ASUS\Desktop\research\mitacs project\paper experiments\cifar dataset\cifar_gen_dataset\batch_5_9697.png,brightness,not car,not car,1,0.188028229
60,335,C:\Users\ASUS\Desktop\research\mitacs project\paper experiments\cifar dataset\cifar_org_dataset\batch_5_9722.png,C:\Users\ASUS\Desktop\research\mitacs project\paper experiments\cifar dataset\cifar_gen_dataset\batch_5_9722.png,brightness,not car,not car,1,0.618748063
61,336,C:\Users\ASUS\Desktop\research\mitacs project\paper experiments\cifar dataset\cifar_org_dataset\batch_5_9738.png,C:\Users\ASUS\Desktop\research\mitacs project\paper experiments\cifar dataset\cifar_gen_dataset\batch_5_9738.png,brightness,not car,not car,1,0.372333311
62,337,C:\Users\ASUS\Desktop\research\mitacs project\paper experiments\cifar dataset\cifar_org_dataset\batch_5_974.png,C:\Users\ASUS\Desktop\research\mitacs project\paper experiments\cifar dataset\cifar_gen_dataset\batch_5_974.png,brightness,not car,not car,1,0.314446283
63,338,C:\Users\ASUS\Desktop\research\mitacs project\paper experiments\cifar dataset\cifar_org_dataset\batch_5_9847.png,C:\Users\ASUS\Desktop\research\mitacs project\paper experiments\cifar dataset\cifar_gen_dataset\batch_5_9847.png,brightness,car,car,1,0.221581045
64,339,C:\Users\ASUS\Desktop\research\mitacs project\paper experiments\cifar dataset\cifar_org_dataset\batch_5_9893.png,C:\Users\ASUS\Desktop\research\mitacs project\paper experiments\cifar dataset\cifar_gen_dataset\batch_5_9893.png,brightness,not car,not car,1,0.313767053
65,340,C:\Users\ASUS\Desktop\research\mitacs project\paper experiments\cifar dataset\cifar_org_dataset\batch_5_9932.png,C:\Users\ASUS\Desktop\research\mitacs project\paper experiments\cifar dataset\cifar_gen_dataset\batch_5_9932.png,brightness,car,car,1,0.208053462
66,341,C:\Users\ASUS\Desktop\research\mitacs project\paper experiments\cifar dataset\cifar_org_dataset\batch_1_100.png,C:\Users\ASUS\Desktop\research\mitacs project\paper experiments\cifar dataset\cifar_gen_dataset\batch_1_100.png,contrast,not car,not car,1,0.941739746
67,342,C:\Users\ASUS\Desktop\research\mitacs project\paper experiments\cifar dataset\cifar_org_dataset\batch_1_1023.png,C:\Users\ASUS\Desktop\research\mitacs project\paper experiments\cifar dataset\cifar_gen_dataset\batch_1_1023.png,contrast,not car,not car,1,0.340841706
68,343,C:\Users\ASUS\Desktop\research\mitacs project\paper experiments\cifar dataset\cifar_org_dataset\batch_1_1176.png,C:\Users\ASUS\Desktop\research\mitacs project\paper experiments\cifar dataset\cifar_gen_dataset\batch_1_1176.png,contrast,not car,not car,1,0.747121687
69,344,C:\Users\ASUS\Desktop\research\mitacs project\paper experiments\cifar dataset\cifar_org_dataset\batch_1_1335.png,C:\Users\ASUS\Desktop\research\mitacs project\paper experiments\cifar dataset\cifar_gen_dataset\batch_1_1335.png,contrast,not car,not car,1,0.972838371
70,345,C:\Users\ASUS\Desktop\research\mitacs project\paper experiments\cifar dataset\cifar_org_dataset\batch_1_1337.png,C:\Users\ASUS\Desktop\research\mitacs project\paper experiments\cifar dataset\cifar_gen_dataset\batch_1_1337.png,contrast,not car,not car,1,0.803359174
71,346,C:\Users\ASUS\Desktop\research\mitacs project\paper experiments\cifar dataset\cifar_org_dataset\batch_1_1400.png,C:\Users\ASUS\Desktop\research\mitacs project\paper experiments\cifar dataset\cifar_gen_dataset\batch_1_1400.png,contrast,not car,not car,1,0.178995719
72,347,C:\Users\ASUS\Desktop\research\mitacs project\paper experiments\cifar dataset\cifar_org_dataset\batch_1_1422.png,C:\Users\ASUS\Desktop\research\mitacs project\paper experiments\cifar dataset\cifar_gen_dataset\batch_1_1422.png,contrast,car,car,1,0.572210706
73,348,C:\Users\ASUS\Desktop\research\mitacs project\paper experiments\cifar dataset\cifar_org_dataset\batch_1_1570.png,C:\Users\ASUS\Desktop\research\mitacs project\paper experiments\cifar dataset\cifar_gen_dataset\batch_1_1570.png,contrast,car,car,1,0.449702544
74,349,C:\Users\ASUS\Desktop\research\mitacs project\paper experiments\cifar dataset\cifar_org_dataset\batch_1_1640.png,C:\Users\ASUS\Desktop\research\mitacs project\paper experiments\cifar dataset\cifar_gen_dataset\batch_1_1640.png,contrast,not car,not car,1,0.228218003
75,350,C:\Users\ASUS\Desktop\research\mitacs project\paper experiments\cifar dataset\cifar_org_dataset\batch_1_193.png,C:\Users\ASUS\Desktop\research\mitacs project\paper experiments\cifar dataset\cifar_gen_dataset\batch_1_193.png,contrast,not car,not car,1,0.728763288
76,351,C:\Users\ASUS\Desktop\research\mitacs project\paper experiments\cifar dataset\cifar_org_dataset\batch_1_2154.png,C:\Users\ASUS\Desktop\research\mitacs project\paper experiments\cifar dataset\cifar_gen_dataset\batch_1_2154.png,contrast,not car,not car,1,0.556225729
77,352,C:\Users\ASUS\Desktop\research\mitacs project\paper experiments\cifar dataset\cifar_org_dataset\batch_1_2275.png,C:\Users\ASUS\Desktop\research\mitacs project\paper experiments\cifar dataset\cifar_gen_dataset\batch_1_2275.png,contrast,not car,not car,1,0.884967451
78,353,C:\Users\ASUS\Desktop\research\mitacs project\paper experiments\cifar dataset\cifar_org_dataset\batch_1_2614.png,C:\Users\ASUS\Desktop\research\mitacs project\paper experiments\cifar dataset\cifar_gen_dataset\batch_1_2614.png,contrast,not car,not car,1,0.439112453
79,354,C:\Users\ASUS\Desktop\research\mitacs project\paper experiments\cifar dataset\cifar_org_dataset\batch_1_2666.png,C:\Users\ASUS\Desktop\research\mitacs project\paper experiments\cifar dataset\cifar_gen_dataset\batch_1_2666.png,contrast,not car,not car,1,0.018039311
80,355,C:\Users\ASUS\Desktop\research\mitacs project\paper experiments\cifar dataset\cifar_org_dataset\batch_1_2775.png,C:\Users\ASUS\Desktop\research\mitacs project\paper experiments\cifar dataset\cifar_gen_dataset\batch_1_2775.png,contrast,car,car,1,0.654486131
81,356,C:\Users\ASUS\Desktop\research\mitacs project\paper experiments\cifar dataset\cifar_org_dataset\batch_1_3118.png,C:\Users\ASUS\Desktop\research\mitacs project\paper experiments\cifar dataset\cifar_gen_dataset\batch_1_3118.png,contrast,not car,not car,1,0.771450617
82,357,C:\Users\ASUS\Desktop\research\mitacs project\paper experiments\cifar dataset\cifar_org_dataset\batch_1_3375.png,C:\Users\ASUS\Desktop\research\mitacs project\paper experiments\cifar dataset\cifar_gen_dataset\batch_1_3375.png,contrast,not car,not car,1,0.21141743
83,358,C:\Users\ASUS\Desktop\research\mitacs project\paper experiments\cifar dataset\cifar_org_dataset\batch_1_3577.png,C:\Users\ASUS\Desktop\research\mitacs project\paper experiments\cifar dataset\cifar_gen_dataset\batch_1_3577.png,contrast,not car,not car,1,0.651434012
84,359,C:\Users\ASUS\Desktop\research\mitacs project\paper experiments\cifar dataset\cifar_org_dataset\batch_1_367.png,C:\Users\ASUS\Desktop\research\mitacs project\paper experiments\cifar dataset\cifar_gen_dataset\batch_1_367.png,contrast,not car,not car,1,0.661105733
85,360,C:\Users\ASUS\Desktop\research\mitacs project\paper experiments\cifar dataset\cifar_org_dataset\batch_1_385.png,C:\Users\ASUS\Desktop\research\mitacs project\paper experiments\cifar dataset\cifar_gen_dataset\batch_1_385.png,contrast,car,car,1,0.733577852
86,361,C:\Users\ASUS\Desktop\research\mitacs project\paper experiments\cifar dataset\cifar_org_dataset\batch_1_4133.png,C:\Users\ASUS\Desktop\research\mitacs project\paper experiments\cifar dataset\cifar_gen_dataset\batch_1_4133.png,contrast,not car,not car,1,0.022360112
87,362,C:\Users\ASUS\Desktop\research\mitacs project\paper experiments\cifar dataset\cifar_org_dataset\batch_1_4252.png,C:\Users\ASUS\Desktop\research\mitacs project\paper experiments\cifar dataset\cifar_gen_dataset\batch_1_4252.png,contrast,car,not car,0,0.173436434
88,363,C:\Users\ASUS\Desktop\research\mitacs project\paper experiments\cifar dataset\cifar_org_dataset\batch_1_4339.png,C:\Users\ASUS\Desktop\research\mitacs project\paper experiments\cifar dataset\cifar_gen_dataset\batch_1_4339.png,contrast,not car,not car,1,0.590844271
89,364,C:\Users\ASUS\Desktop\research\mitacs project\paper experiments\cifar dataset\cifar_org_dataset\batch_1_4507.png,C:\Users\ASUS\Desktop\research\mitacs project\paper experiments\cifar dataset\cifar_gen_dataset\batch_1_4507.png,contrast,not car,not car,1,0.382739515
90,365,C:\Users\ASUS\Desktop\research\mitacs project\paper experiments\cifar dataset\cifar_org_dataset\batch_1_4512.png,C:\Users\ASUS\Desktop\research\mitacs project\paper experiments\cifar dataset\cifar_gen_dataset\batch_1_4512.png,contrast,not car,not car,1,0.836122038
91,366,C:\Users\ASUS\Desktop\research\mitacs project\paper experiments\cifar dataset\cifar_org_dataset\batch_1_4779.png,C:\Users\ASUS\Desktop\research\mitacs project\paper experiments\cifar dataset\cifar_gen_dataset\batch_1_4779.png,contrast,car,not car,0,0.740752625
92,367,C:\Users\ASUS\Desktop\research\mitacs project\paper experiments\cifar dataset\cifar_org_dataset\batch_1_4816.png,C:\Users\ASUS\Desktop\research\mitacs project\paper experiments\cifar dataset\cifar_gen_dataset\batch_1_4816.png,contrast,not car,not car,1,0.371097701
93,368,C:\Users\ASUS\Desktop\research\mitacs project\paper experiments\cifar dataset\cifar_org_dataset\batch_1_4862.png,C:\Users\ASUS\Desktop\research\mitacs project\paper experiments\cifar dataset\cifar_gen_dataset\batch_1_4862.png,contrast,not car,not car,1,0.451267801
94,369,C:\Users\ASUS\Desktop\research\mitacs project\paper experiments\cifar dataset\cifar_org_dataset\batch_1_4990.png,C:\Users\ASUS\Desktop\research\mitacs project\paper experiments\cifar dataset\cifar_gen_dataset\batch_1_4990.png,contrast,not car,not car,1,0.148969495
95,370,C:\Users\ASUS\Desktop\research\mitacs project\paper experiments\cifar dataset\cifar_org_dataset\batch_1_5189.png,C:\Users\ASUS\Desktop\research\mitacs project\paper experiments\cifar dataset\cifar_gen_dataset\batch_1_5189.png,contrast,not car,not car,1,0.383891849
96,371,C:\Users\ASUS\Desktop\research\mitacs project\paper experiments\cifar dataset\cifar_org_dataset\batch_1_5490.png,C:\Users\ASUS\Desktop\research\mitacs project\paper experiments\cifar dataset\cifar_gen_dataset\batch_1_5490.png,contrast,not car,not car,1,0.012207571
97,372,C:\Users\ASUS\Desktop\research\mitacs project\paper experiments\cifar dataset\cifar_org_dataset\batch_1_5770.png,C:\Users\ASUS\Desktop\research\mitacs project\paper experiments\cifar dataset\cifar_gen_dataset\batch_1_5770.png,contrast,not car,not car,1,0.831104062
98,373,C:\Users\ASUS\Desktop\research\mitacs project\paper experiments\cifar dataset\cifar_org_dataset\batch_1_5783.png,C:\Users\ASUS\Desktop\research\mitacs project\paper experiments\cifar dataset\cifar_gen_dataset\batch_1_5783.png,contrast,car,car,1,0.821324637
99,374,C:\Users\ASUS\Desktop\research\mitacs project\paper experiments\cifar dataset\cifar_org_dataset\batch_1_586.png,C:\Users\ASUS\Desktop\research\mitacs project\paper experiments\cifar dataset\cifar_gen_dataset\batch_1_586.png,contrast,not car,not car,1,0.9367392
100,375,C:\Users\ASUS\Desktop\research\mitacs project\paper experiments\cifar dataset\cifar_org_dataset\batch_1_6113.png,C:\Users\ASUS\Desktop\research\mitacs project\paper experiments\cifar dataset\cifar_gen_dataset\batch_1_6113.png,contrast,not car,not car,1,0.701505154
101,376,C:\Users\ASUS\Desktop\research\mitacs project\paper experiments\cifar dataset\cifar_org_dataset\batch_1_6167.png,C:\Users\ASUS\Desktop\research\mitacs project\paper experiments\cifar dataset\cifar_gen_dataset\batch_1_6167.png,contrast,not car,not car,1,0.320138263
102,377,C:\Users\ASUS\Desktop\research\mitacs project\paper experiments\cifar dataset\cifar_org_dataset\batch_1_6241.png,C:\Users\ASUS\Desktop\research\mitacs project\paper experiments\cifar dataset\cifar_gen_dataset\batch_1_6241.png,contrast,car,car,1,0.259442807
103,378,C:\Users\ASUS\Desktop\research\mitacs project\paper experiments\cifar dataset\cifar_org_dataset\batch_1_6243.png,C:\Users\ASUS\Desktop\research\mitacs project\paper experiments\cifar dataset\cifar_gen_dataset\batch_1_6243.png,contrast,not car,not car,1,0.053292435
104,379,C:\Users\ASUS\Desktop\research\mitacs project\paper experiments\cifar dataset\cifar_org_dataset\batch_1_6304.png,C:\Users\ASUS\Desktop\research\mitacs project\paper experiments\cifar dataset\cifar_gen_dataset\batch_1_6304.png,contrast,not car,not car,1,0.602005917
105,380,C:\Users\ASUS\Desktop\research\mitacs project\paper experiments\cifar dataset\cifar_org_dataset\batch_1_6364.png,C:\Users\ASUS\Desktop\research\mitacs project\paper experiments\cifar dataset\cifar_gen_dataset\batch_1_6364.png,contrast,car,car,1,0.582403343
106,381,C:\Users\ASUS\Desktop\research\mitacs project\paper experiments\cifar dataset\cifar_org_dataset\batch_1_639.png,C:\Users\ASUS\Desktop\research\mitacs project\paper experiments\cifar dataset\cifar_gen_dataset\batch_1_639.png,contrast,not car,not car,1,0.811636626
107,382,C:\Users\ASUS\Desktop\research\mitacs project\paper experiments\cifar dataset\cifar_org_dataset\batch_1_649.png,C:\Users\ASUS\Desktop\research\mitacs project\paper experiments\cifar dataset\cifar_gen_dataset\batch_1_649.png,contrast,not car,not car,1,0.541198915
108,383,C:\Users\ASUS\Desktop\research\mitacs project\paper experiments\cifar dataset\cifar_org_dataset\batch_1_6587.png,C:\Users\ASUS\Desktop\research\mitacs project\paper experiments\cifar dataset\cifar_gen_dataset\batch_1_6587.png,contrast,car,car,1,0.790832851
109,384,C:\Users\ASUS\Desktop\research\mitacs project\paper experiments\cifar dataset\cifar_org_dataset\batch_1_6925.png,C:\Users\ASUS\Desktop\research\mitacs project\paper experiments\cifar dataset\cifar_gen_dataset\batch_1_6925.png,contrast,not car,not car,1,0.224771887
110,385,C:\Users\ASUS\Desktop\research\mitacs project\paper experiments\cifar dataset\cifar_org_dataset\batch_1_7028.png,C:\Users\ASUS\Desktop\research\mitacs project\paper experiments\cifar dataset\cifar_gen_dataset\batch_1_7028.png,contrast,not car,not car,1,0.599512792
111,386,C:\Users\ASUS\Desktop\research\mitacs project\paper experiments\cifar dataset\cifar_org_dataset\batch_1_7054.png,C:\Users\ASUS\Desktop\research\mitacs project\paper experiments\cifar dataset\cifar_gen_dataset\batch_1_7054.png,contrast,not car,not car,1,0.699498788
112,387,C:\Users\ASUS\Desktop\research\mitacs project\paper experiments\cifar dataset\cifar_org_dataset\batch_1_7417.png,C:\Users\ASUS\Desktop\research\mitacs project\paper experiments\cifar dataset\cifar_gen_dataset\batch_1_7417.png,contrast,not car,not car,1,0.645404971
113,388,C:\Users\ASUS\Desktop\research\mitacs project\paper experiments\cifar dataset\cifar_org_dataset\batch_1_7466.png,C:\Users\ASUS\Desktop\research\mitacs project\paper experiments\cifar dataset\cifar_gen_dataset\batch_1_7466.png,contrast,not car,not car,1,0.702432753
114,389,C:\Users\ASUS\Desktop\research\mitacs project\paper experiments\cifar dataset\cifar_org_dataset\batch_1_7563.png,C:\Users\ASUS\Desktop\research\mitacs project\paper experiments\cifar dataset\cifar_gen_dataset\batch_1_7563.png,contrast,not car,not car,1,0.120319237
115,390,C:\Users\ASUS\Desktop\research\mitacs project\paper experiments\cifar dataset\cifar_org_dataset\batch_1_7603.png,C:\Users\ASUS\Desktop\research\mitacs project\paper experiments\cifar dataset\cifar_gen_dataset\batch_1_7603.png,contrast,not car,not car,1,0.028041788
116,391,C:\Users\ASUS\Desktop\research\mitacs project\paper experiments\cifar dataset\cifar_org_dataset\batch_1_7725.png,C:\Users\ASUS\Desktop\research\mitacs project\paper experiments\cifar dataset\cifar_gen_dataset\batch_1_7725.png,contrast,not car,not car,1,0.367055213
117,392,C:\Users\ASUS\Desktop\research\mitacs project\paper experiments\cifar dataset\cifar_org_dataset\batch_1_8310.png,C:\Users\ASUS\Desktop\research\mitacs project\paper experiments\cifar dataset\cifar_gen_dataset\batch_1_8310.png,contrast,car,car,1,0.647719
118,393,C:\Users\ASUS\Desktop\research\mitacs project\paper experiments\cifar dataset\cifar_org_dataset\batch_1_8433.png,C:\Users\ASUS\Desktop\research\mitacs project\paper experiments\cifar dataset\cifar_gen_dataset\batch_1_8433.png,contrast,not car,not car,1,0.781439673
119,394,C:\Users\ASUS\Desktop\research\mitacs project\paper experiments\cifar dataset\cifar_org_dataset\batch_1_8457.png,C:\Users\ASUS\Desktop\research\mitacs project\paper experiments\cifar dataset\cifar_gen_dataset\batch_1_8457.png,contrast,not car,not car,1,0.380212946
120,395,C:\Users\ASUS\Desktop\research\mitacs project\paper experiments\cifar dataset\cifar_org_dataset\batch_1_8503.png,C:\Users\ASUS\Desktop\research\mitacs project\paper experiments\cifar dataset\cifar_gen_dataset\batch_1_8503.png,contrast,not car,not car,1,0.868787994
121,396,C:\Users\ASUS\Desktop\research\mitacs project\paper experiments\cifar dataset\cifar_org_dataset\batch_1_8554.png,C:\Users\ASUS\Desktop\research\mitacs project\paper experiments\cifar dataset\cifar_gen_dataset\batch_1_8554.png,contrast,not car,not car,1,0.606659852
122,397,C:\Users\ASUS\Desktop\research\mitacs project\paper experiments\cifar dataset\cifar_org_dataset\batch_1_893.png,C:\Users\ASUS\Desktop\research\mitacs project\paper experiments\cifar dataset\cifar_gen_dataset\batch_1_893.png,contrast,car,car,1,0.601657531
123,398,C:\Users\ASUS\Desktop\research\mitacs project\paper experiments\cifar dataset\cifar_org_dataset\batch_1_9363.png,C:\Users\ASUS\Desktop\research\mitacs project\paper experiments\cifar dataset\cifar_gen_dataset\batch_1_9363.png,contrast,not car,not car,1,0.831567224
124,399,C:\Users\ASUS\Desktop\research\mitacs project\paper experiments\cifar dataset\cifar_org_dataset\batch_1_945.png,C:\Users\ASUS\Desktop\research\mitacs project\paper experiments\cifar dataset\cifar_gen_dataset\batch_1_945.png,contrast,not car,not car,1,0.598363582
125,400,C:\Users\ASUS\Desktop\research\mitacs project\paper experiments\cifar dataset\cifar_org_dataset\batch_1_9458.png,C:\Users\ASUS\Desktop\research\mitacs project\paper experiments\cifar dataset\cifar_gen_dataset\batch_1_9458.png,contrast,not car,not car,1,0.625332736
126,401,C:\Users\ASUS\Desktop\research\mitacs project\paper experiments\cifar dataset\cifar_org_dataset\batch_1_9541.png,C:\Users\ASUS\Desktop\research\mitacs project\paper experiments\cifar dataset\cifar_gen_dataset\batch_1_9541.png,contrast,car,car,1,0.728042242
127,402,C:\Users\ASUS\Desktop\research\mitacs project\paper experiments\cifar dataset\cifar_org_dataset\batch_1_9633.png,C:\Users\ASUS\Desktop\research\mitacs project\paper experiments\cifar dataset\cifar_gen_dataset\batch_1_9633.png,contrast,not car,not car,1,0.717261734
128,403,C:\Users\ASUS\Desktop\research\mitacs project\paper experiments\cifar dataset\cifar_org_dataset\batch_1_9871.png,C:\Users\ASUS\Desktop\research\mitacs project\paper experiments\cifar dataset\cifar_gen_dataset\batch_1_9871.png,contrast,not car,not car,1,0.926122942
129,404,C:\Users\ASUS\Desktop\research\mitacs project\paper experiments\cifar dataset\cifar_org_dataset\batch_2_1059.png,C:\Users\ASUS\Desktop\research\mitacs project\paper experiments\cifar dataset\cifar_gen_dataset\batch_2_1059.png,contrast,not car,not car,1,0.53242866
130,405,C:\Users\ASUS\Desktop\research\mitacs project\paper experiments\cifar dataset\cifar_org_dataset\batch_2_1061.png,C:\Users\ASUS\Desktop\research\mitacs project\paper experiments\cifar dataset\cifar_gen_dataset\batch_2_1061.png,contrast,not car,not car,1,0.354856517
131,406,C:\Users\ASUS\Desktop\research\mitacs project\paper experiments\cifar dataset\cifar_org_dataset\batch_2_1073.png,C:\Users\ASUS\Desktop\research\mitacs project\paper experiments\cifar dataset\cifar_gen_dataset\batch_2_1073.png,contrast,not car,not car,1,0.609783024
132,407,C:\Users\ASUS\Desktop\research\mitacs project\paper experiments\cifar dataset\cifar_org_dataset\batch_2_1145.png,C:\Users\ASUS\Desktop\research\mitacs project\paper experiments\cifar dataset\cifar_gen_dataset\batch_2_1145.png,contrast,not car,not car,1,0.821809875
133,408,C:\Users\ASUS\Desktop\research\mitacs project\paper experiments\cifar dataset\cifar_org_dataset\batch_2_1189.png,C:\Users\ASUS\Desktop\research\mitacs project\paper experiments\cifar dataset\cifar_gen_dataset\batch_2_1189.png,contrast,not car,not car,1,0.537994944
134,409,C:\Users\ASUS\Desktop\research\mitacs project\paper experiments\cifar dataset\cifar_org_dataset\batch_2_1321.png,C:\Users\ASUS\Desktop\research\mitacs project\paper experiments\cifar dataset\cifar_gen_dataset\batch_2_1321.png,contrast,not car,not car,1,0.711529671
135,410,C:\Users\ASUS\Desktop\research\mitacs project\paper experiments\cifar dataset\cifar_org_dataset\batch_2_1353.png,C:\Users\ASUS\Desktop\research\mitacs project\paper experiments\cifar dataset\cifar_gen_dataset\batch_2_1353.png,contrast,not car,not car,1,0.727255553
136,411,C:\Users\ASUS\Desktop\research\mitacs project\paper experiments\cifar dataset\cifar_org_dataset\batch_2_1440.png,C:\Users\ASUS\Desktop\research\mitacs project\paper experiments\cifar dataset\cifar_gen_dataset\batch_2_1440.png,contrast,not car,not car,1,0.235132105
137,412,C:\Users\ASUS\Desktop\research\mitacs project\paper experiments\cifar dataset\cifar_org_dataset\batch_2_1566.png,C:\Users\ASUS\Desktop\research\mitacs project\paper experiments\cifar dataset\cifar_gen_dataset\batch_2_1566.png,contrast,car,not car,0,0.149782779
138,413,C:\Users\ASUS\Desktop\research\mitacs project\paper experiments\cifar dataset\cifar_org_dataset\batch_2_1591.png,C:\Users\ASUS\Desktop\research\mitacs project\paper experiments\cifar dataset\cifar_gen_dataset\batch_2_1591.png,contrast,not car,not car,1,0.866283171
139,414,C:\Users\ASUS\Desktop\research\mitacs project\paper experiments\cifar dataset\cifar_org_dataset\batch_2_1619.png,C:\Users\ASUS\Desktop\research\mitacs project\paper experiments\cifar dataset\cifar_gen_dataset\batch_2_1619.png,contrast,car,car,1,0.769374611
140,415,C:\Users\ASUS\Desktop\research\mitacs project\paper experiments\cifar dataset\cifar_org_dataset\batch_2_1630.png,C:\Users\ASUS\Desktop\research\mitacs project\paper experiments\cifar dataset\cifar_gen_dataset\batch_2_1630.png,contrast,not car,not car,1,0.907163658
141,416,C:\Users\ASUS\Desktop\research\mitacs project\paper experiments\cifar dataset\cifar_org_dataset\batch_2_1702.png,C:\Users\ASUS\Desktop\research\mitacs project\paper experiments\cifar dataset\cifar_gen_dataset\batch_2_1702.png,contrast,not car,car,0,0.497170592
142,417,C:\Users\ASUS\Desktop\research\mitacs project\paper experiments\cifar dataset\cifar_org_dataset\batch_2_1719.png,C:\Users\ASUS\Desktop\research\mitacs project\paper experiments\cifar dataset\cifar_gen_dataset\batch_2_1719.png,contrast,not car,not car,1,0.904697741
143,418,C:\Users\ASUS\Desktop\research\mitacs project\paper experiments\cifar dataset\cifar_org_dataset\batch_2_1775.png,C:\Users\ASUS\Desktop\research\mitacs project\paper experiments\cifar dataset\cifar_gen_dataset\batch_2_1775.png,contrast,not car,not car,1,0.874028237
144,419,C:\Users\ASUS\Desktop\research\mitacs project\paper experiments\cifar dataset\cifar_org_dataset\batch_2_1776.png,C:\Users\ASUS\Desktop\research\mitacs project\paper experiments\cifar dataset\cifar_gen_dataset\batch_2_1776.png,contrast,car,car,1,0.939063439
145,420,C:\Users\ASUS\Desktop\research\mitacs project\paper experiments\cifar dataset\cifar_org_dataset\batch_2_181.png,C:\Users\ASUS\Desktop\research\mitacs project\paper experiments\cifar dataset\cifar_gen_dataset\batch_2_181.png,contrast,not car,not car,1,0.208384802
146,421,C:\Users\ASUS\Desktop\research\mitacs project\paper experiments\cifar dataset\cifar_org_dataset\batch_2_1830.png,C:\Users\ASUS\Desktop\research\mitacs project\paper experiments\cifar dataset\cifar_gen_dataset\batch_2_1830.png,contrast,not car,not car,1,0.007766242
147,422,C:\Users\ASUS\Desktop\research\mitacs project\paper experiments\cifar dataset\cifar_org_dataset\batch_2_2360.png,C:\Users\ASUS\Desktop\research\mitacs project\paper experiments\cifar dataset\cifar_gen_dataset\batch_2_2360.png,contrast,car,not car,0,0.119363419
148,423,C:\Users\ASUS\Desktop\research\mitacs project\paper experiments\cifar dataset\cifar_org_dataset\batch_2_2368.png,C:\Users\ASUS\Desktop\research\mitacs project\paper experiments\cifar dataset\cifar_gen_dataset\batch_2_2368.png,contrast,not car,not car,1,0.551093741
149,424,C:\Users\ASUS\Desktop\research\mitacs project\paper experiments\cifar dataset\cifar_org_dataset\batch_2_2380.png,C:\Users\ASUS\Desktop\research\mitacs project\paper experiments\cifar dataset\cifar_gen_dataset\batch_2_2380.png,contrast,not car,not car,1,0.806519836
150,425,C:\Users\ASUS\Desktop\research\mitacs project\paper experiments\cifar dataset\cifar_org_dataset\batch_2_2785.png,C:\Users\ASUS\Desktop\research\mitacs project\paper experiments\cifar dataset\cifar_gen_dataset\batch_2_2785.png,contrast,not car,not car,1,0.66324578
151,426,C:\Users\ASUS\Desktop\research\mitacs project\paper experiments\cifar dataset\cifar_org_dataset\batch_2_2989.png,C:\Users\ASUS\Desktop\research\mitacs project\paper experiments\cifar dataset\cifar_gen_dataset\batch_2_2989.png,contrast,not car,not car,1,0.377840528
152,427,C:\Users\ASUS\Desktop\research\mitacs project\paper experiments\cifar dataset\cifar_org_dataset\batch_2_3516.png,C:\Users\ASUS\Desktop\research\mitacs project\paper experiments\cifar dataset\cifar_gen_dataset\batch_2_3516.png,contrast,not car,not car,1,0.763716252
153,428,C:\Users\ASUS\Desktop\research\mitacs project\paper experiments\cifar dataset\cifar_org_dataset\batch_2_376.png,C:\Users\ASUS\Desktop\research\mitacs project\paper experiments\cifar dataset\cifar_gen_dataset\batch_2_376.png,contrast,not car,not car,1,0.056099715
154,429,C:\Users\ASUS\Desktop\research\mitacs project\paper experiments\cifar dataset\cifar_org_dataset\batch_2_4275.png,C:\Users\ASUS\Desktop\research\mitacs project\paper experiments\cifar dataset\cifar_gen_dataset\batch_2_4275.png,contrast,not car,not car,1,0.627970644
155,430,C:\Users\ASUS\Desktop\research\mitacs project\paper experiments\cifar dataset\cifar_org_dataset\batch_2_4649.png,C:\Users\ASUS\Desktop\research\mitacs project\paper experiments\cifar dataset\cifar_gen_dataset\batch_2_4649.png,contrast,not car,not car,1,0.500929291
156,431,C:\Users\ASUS\Desktop\research\mitacs project\paper experiments\cifar dataset\cifar_org_dataset\batch_2_4676.png,C:\Users\ASUS\Desktop\research\mitacs project\paper experiments\cifar dataset\cifar_gen_dataset\batch_2_4676.png,contrast,car,car,1,0.54919496
157,432,C:\Users\ASUS\Desktop\research\mitacs project\paper experiments\cifar dataset\cifar_org_dataset\batch_2_4804.png,C:\Users\ASUS\Desktop\research\mitacs project\paper experiments\cifar dataset\cifar_gen_dataset\batch_2_4804.png,contrast,car,not car,0,0.832727451
158,433,C:\Users\ASUS\Desktop\research\mitacs project\paper experiments\cifar dataset\cifar_org_dataset\batch_2_5432.png,C:\Users\ASUS\Desktop\research\mitacs project\paper experiments\cifar dataset\cifar_gen_dataset\batch_2_5432.png,contrast,not car,not car,1,0.845540832
159,434,C:\Users\ASUS\Desktop\research\mitacs project\paper experiments\cifar dataset\cifar_org_dataset\batch_2_5626.png,C:\Users\ASUS\Desktop\research\mitacs project\paper experiments\cifar dataset\cifar_gen_dataset\batch_2_5626.png,contrast,not car,not car,1,0.516064438
160,435,C:\Users\ASUS\Desktop\research\mitacs project\paper experiments\cifar dataset\cifar_org_dataset\batch_2_5627.png,C:\Users\ASUS\Desktop\research\mitacs project\paper experiments\cifar dataset\cifar_gen_dataset\batch_2_5627.png,contrast,not car,not car,1,0.265705359
161,436,C:\Users\ASUS\Desktop\research\mitacs project\paper experiments\cifar dataset\cifar_org_dataset\batch_2_5635.png,C:\Users\ASUS\Desktop\research\mitacs project\paper experiments\cifar dataset\cifar_gen_dataset\batch_2_5635.png,contrast,not car,not car,1,0.72665679
162,437,C:\Users\ASUS\Desktop\research\mitacs project\paper experiments\cifar dataset\cifar_org_dataset\batch_2_5789.png,C:\Users\ASUS\Desktop\research\mitacs project\paper experiments\cifar dataset\cifar_gen_dataset\batch_2_5789.png,contrast,not car,not car,1,0.843839527
163,438,C:\Users\ASUS\Desktop\research\mitacs project\paper experiments\cifar dataset\cifar_org_dataset\batch_2_6005.png,C:\Users\ASUS\Desktop\research\mitacs project\paper experiments\cifar dataset\cifar_gen_dataset\batch_2_6005.png,contrast,not car,not car,1,0.594332689
164,439,C:\Users\ASUS\Desktop\research\mitacs project\paper experiments\cifar dataset\cifar_org_dataset\batch_2_6121.png,C:\Users\ASUS\Desktop\research\mitacs project\paper experiments\cifar dataset\cifar_gen_dataset\batch_2_6121.png,contrast,not car,not car,1,0.833494542
165,440,C:\Users\ASUS\Desktop\research\mitacs project\paper experiments\cifar dataset\cifar_org_dataset\batch_2_6476.png,C:\Users\ASUS\Desktop\research\mitacs project\paper experiments\cifar dataset\cifar_gen_dataset\batch_2_6476.png,contrast,not car,not car,1,0.420490375
166,441,C:\Users\ASUS\Desktop\research\mitacs project\paper experiments\cifar dataset\cifar_org_dataset\batch_2_679.png,C:\Users\ASUS\Desktop\research\mitacs project\paper experiments\cifar dataset\cifar_gen_dataset\batch_2_679.png,contrast,car,car,1,0.60837345
167,442,C:\Users\ASUS\Desktop\research\mitacs project\paper experiments\cifar dataset\cifar_org_dataset\batch_2_6848.png,C:\Users\ASUS\Desktop\research\mitacs project\paper experiments\cifar dataset\cifar_gen_dataset\batch_2_6848.png,contrast,car,car,1,0.926617774
168,443,C:\Users\ASUS\Desktop\research\mitacs project\paper experiments\cifar dataset\cifar_org_dataset\batch_2_710.png,C:\Users\ASUS\Desktop\research\mitacs project\paper experiments\cifar dataset\cifar_gen_dataset\batch_2_710.png,contrast,not car,not car,1,0.123857462
169,444,C:\Users\ASUS\Desktop\research\mitacs project\paper experiments\cifar dataset\cifar_org_dataset\batch_2_7115.png,C:\Users\ASUS\Desktop\research\mitacs project\paper experiments\cifar dataset\cifar_gen_dataset\batch_2_7115.png,contrast,not car,not car,1,0.564919945
170,445,C:\Users\ASUS\Desktop\research\mitacs project\paper experiments\cifar dataset\cifar_org_dataset\batch_2_7148.png,C:\Users\ASUS\Desktop\research\mitacs project\paper experiments\cifar dataset\cifar_gen_dataset\batch_2_7148.png,contrast,not car,not car,1,0.432430993
171,446,C:\Users\ASUS\Desktop\research\mitacs project\paper experiments\cifar dataset\cifar_org_dataset\batch_2_72.png,C:\Users\ASUS\Desktop\research\mitacs project\paper experiments\cifar dataset\cifar_gen_dataset\batch_2_72.png,contrast,not car,not car,1,0.351915241
172,447,C:\Users\ASUS\Desktop\research\mitacs project\paper experiments\cifar dataset\cifar_org_dataset\batch_2_7271.png,C:\Users\ASUS\Desktop\research\mitacs project\paper experiments\cifar dataset\cifar_gen_dataset\batch_2_7271.png,contrast,not car,not car,1,0.545791393
173,448,C:\Users\ASUS\Desktop\research\mitacs project\paper experiments\cifar dataset\cifar_org_dataset\batch_2_741.png,C:\Users\ASUS\Desktop\research\mitacs project\paper experiments\cifar dataset\cifar_gen_dataset\batch_2_741.png,contrast,not car,not car,1,0.702595418
174,449,C:\Users\ASUS\Desktop\research\mitacs project\paper experiments\cifar dataset\cifar_org_dataset\batch_2_7494.png,C:\Users\ASUS\Desktop\research\mitacs project\paper experiments\cifar dataset\cifar_gen_dataset\batch_2_7494.png,contrast,not car,not car,1,0.753001037
175,450,C:\Users\ASUS\Desktop\research\mitacs project\paper experiments\cifar dataset\cifar_org_dataset\batch_2_7669.png,C:\Users\ASUS\Desktop\research\mitacs project\paper experiments\cifar dataset\cifar_gen_dataset\batch_2_7669.png,contrast,not car,not car,1,0.884221218
176,451,C:\Users\ASUS\Desktop\research\mitacs project\paper experiments\cifar dataset\cifar_org_dataset\batch_2_7708.png,C:\Users\ASUS\Desktop\research\mitacs project\paper experiments\cifar dataset\cifar_gen_dataset\batch_2_7708.png,contrast,not car,not car,1,0.580520144
177,452,C:\Users\ASUS\Desktop\research\mitacs project\paper experiments\cifar dataset\cifar_org_dataset\batch_2_7790.png,C:\Users\ASUS\Desktop\research\mitacs project\paper experiments\cifar dataset\cifar_gen_dataset\batch_2_7790.png,contrast,not car,not car,1,0.914256424
178,453,C:\Users\ASUS\Desktop\research\mitacs project\paper experiments\cifar dataset\cifar_org_dataset\batch_2_8051.png,C:\Users\ASUS\Desktop\research\mitacs project\paper experiments\cifar dataset\cifar_gen_dataset\batch_2_8051.png,contrast,not car,not car,1,0.938377689
179,454,C:\Users\ASUS\Desktop\research\mitacs project\paper experiments\cifar dataset\cifar_org_dataset\batch_2_8116.png,C:\Users\ASUS\Desktop\research\mitacs project\paper experiments\cifar dataset\cifar_gen_dataset\batch_2_8116.png,contrast,car,not car,0,0.213240224
180,455,C:\Users\ASUS\Desktop\research\mitacs project\paper experiments\cifar dataset\cifar_org_dataset\batch_2_8207.png,C:\Users\ASUS\Desktop\research\mitacs project\paper experiments\cifar dataset\cifar_gen_dataset\batch_2_8207.png,contrast,not car,not car,1,0.063787881
181,456,C:\Users\ASUS\Desktop\research\mitacs project\paper experiments\cifar dataset\cifar_org_dataset\batch_2_8456.png,C:\Users\ASUS\Desktop\research\mitacs project\paper experiments\cifar dataset\cifar_gen_dataset\batch_2_8456.png,contrast,car,car,1,0.445530528
182,457,C:\Users\ASUS\Desktop\research\mitacs project\paper experiments\cifar dataset\cifar_org_dataset\batch_2_8515.png,C:\Users\ASUS\Desktop\research\mitacs project\paper experiments\cifar dataset\cifar_gen_dataset\batch_2_8515.png,contrast,not car,not car,1,0.576277705
183,458,C:\Users\ASUS\Desktop\research\mitacs project\paper experiments\cifar dataset\cifar_org_dataset\batch_2_8581.png,C:\Users\ASUS\Desktop\research\mitacs project\paper experiments\cifar dataset\cifar_gen_dataset\batch_2_8581.png,contrast,not car,not car,1,0.625998167
184,459,C:\Users\ASUS\Desktop\research\mitacs project\paper experiments\cifar dataset\cifar_org_dataset\batch_2_8660.png,C:\Users\ASUS\Desktop\research\mitacs project\paper experiments\cifar dataset\cifar_gen_dataset\batch_2_8660.png,contrast,not car,not car,1,0.792142992
185,460,C:\Users\ASUS\Desktop\research\mitacs project\paper experiments\cifar dataset\cifar_org_dataset\batch_2_8757.png,C:\Users\ASUS\Desktop\research\mitacs project\paper experiments\cifar dataset\cifar_gen_dataset\batch_2_8757.png,contrast,not car,not car,1,0.876059929
186,461,C:\Users\ASUS\Desktop\research\mitacs project\paper experiments\cifar dataset\cifar_org_dataset\batch_2_886.png,C:\Users\ASUS\Desktop\research\mitacs project\paper experiments\cifar dataset\cifar_gen_dataset\batch_2_886.png,contrast,not car,not car,1,0.376633082
187,462,C:\Users\ASUS\Desktop\research\mitacs project\paper experiments\cifar dataset\cifar_org_dataset\batch_2_8945.png,C:\Users\ASUS\Desktop\research\mitacs project\paper experiments\cifar dataset\cifar_gen_dataset\batch_2_8945.png,contrast,not car,not car,1,0.67718287
188,463,C:\Users\ASUS\Desktop\research\mitacs project\paper experiments\cifar dataset\cifar_org_dataset\batch_2_9046.png,C:\Users\ASUS\Desktop\research\mitacs project\paper experiments\cifar dataset\cifar_gen_dataset\batch_2_9046.png,contrast,car,car,1,0.501939117
189,464,C:\Users\ASUS\Desktop\research\mitacs project\paper experiments\cifar dataset\cifar_org_dataset\batch_2_9105.png,C:\Users\ASUS\Desktop\research\mitacs project\paper experiments\cifar dataset\cifar_gen_dataset\batch_2_9105.png,contrast,not car,not car,1,0.516985695
190,465,C:\Users\ASUS\Desktop\research\mitacs project\paper experiments\cifar dataset\cifar_org_dataset\batch_2_9238.png,C:\Users\ASUS\Desktop\research\mitacs project\paper experiments\cifar dataset\cifar_gen_dataset\batch_2_9238.png,contrast,not car,not car,1,0.703457499
191,466,C:\Users\ASUS\Desktop\research\mitacs project\paper experiments\cifar dataset\cifar_org_dataset\batch_2_9377.png,C:\Users\ASUS\Desktop\research\mitacs project\paper experiments\cifar dataset\cifar_gen_dataset\batch_2_9377.png,contrast,car,car,1,0.477614797
192,467,C:\Users\ASUS\Desktop\research\mitacs project\paper experiments\cifar dataset\cifar_org_dataset\batch_2_9750.png,C:\Users\ASUS\Desktop\research\mitacs project\paper experiments\cifar dataset\cifar_gen_dataset\batch_2_9750.png,contrast,not car,not car,1,0.506481993
193,468,C:\Users\ASUS\Desktop\research\mitacs project\paper experiments\cifar dataset\cifar_org_dataset\batch_2_9820.png,C:\Users\ASUS\Desktop\research\mitacs project\paper experiments\cifar dataset\cifar_gen_dataset\batch_2_9820.png,contrast,not car,not car,1,0.545395203
194,469,C:\Users\ASUS\Desktop\research\mitacs project\paper experiments\cifar dataset\cifar_org_dataset\batch_2_9838.png,C:\Users\ASUS\Desktop\research\mitacs project\paper experiments\cifar dataset\cifar_gen_dataset\batch_2_9838.png,contrast,not car,not car,1,0.694355968
195,470,C:\Users\ASUS\Desktop\research\mitacs project\paper experiments\cifar dataset\cifar_org_dataset\batch_2_9931.png,C:\Users\ASUS\Desktop\research\mitacs project\paper experiments\cifar dataset\cifar_gen_dataset\batch_2_9931.png,contrast,not car,not car,1,0.651921203
196,471,C:\Users\ASUS\Desktop\research\mitacs project\paper experiments\cifar dataset\cifar_org_dataset\batch_2_998.png,C:\Users\ASUS\Desktop\research\mitacs project\paper experiments\cifar dataset\cifar_gen_dataset\batch_2_998.png,contrast,not car,not car,1,0.541411755
197,472,C:\Users\ASUS\Desktop\research\mitacs project\paper experiments\cifar dataset\cifar_org_dataset\batch_3_1048.png,C:\Users\ASUS\Desktop\research\mitacs project\paper experiments\cifar dataset\cifar_gen_dataset\batch_3_1048.png,contrast,not car,not car,1,0.895101672
198,473,C:\Users\ASUS\Desktop\research\mitacs project\paper experiments\cifar dataset\cifar_org_dataset\batch_3_1055.png,C:\Users\ASUS\Desktop\research\mitacs project\paper experiments\cifar dataset\cifar_gen_dataset\batch_3_1055.png,contrast,not car,not car,1,0.047973219
199,474,C:\Users\ASUS\Desktop\research\mitacs project\paper experiments\cifar dataset\cifar_org_dataset\batch_3_1067.png,C:\Users\ASUS\Desktop\research\mitacs project\paper experiments\cifar dataset\cifar_gen_dataset\batch_3_1067.png,contrast,car,car,1,0.805782126
200,475,C:\Users\ASUS\Desktop\research\mitacs project\paper experiments\cifar dataset\cifar_org_dataset\batch_3_1109.png,C:\Users\ASUS\Desktop\research\mitacs project\paper experiments\cifar dataset\cifar_gen_dataset\batch_3_1109.png,contrast,not car,not car,1,0.270774405
201,476,C:\Users\ASUS\Desktop\research\mitacs project\paper experiments\cifar dataset\cifar_org_dataset\batch_3_1148.png,C:\Users\ASUS\Desktop\research\mitacs project\paper experiments\cifar dataset\cifar_gen_dataset\batch_3_1148.png,contrast,not car,not car,1,0.818393044
202,477,C:\Users\ASUS\Desktop\research\mitacs project\paper experiments\cifar dataset\cifar_org_dataset\batch_3_1197.png,C:\Users\ASUS\Desktop\research\mitacs project\paper experiments\cifar dataset\cifar_gen_dataset\batch_3_1197.png,contrast,not car,not car,1,0.699123399
203,478,C:\Users\ASUS\Desktop\research\mitacs project\paper experiments\cifar dataset\cifar_org_dataset\batch_3_1273.png,C:\Users\ASUS\Desktop\research\mitacs project\paper experiments\cifar dataset\cifar_gen_dataset\batch_3_1273.png,contrast,car,car,1,0.763210855
204,479,C:\Users\ASUS\Desktop\research\mitacs project\paper experiments\cifar dataset\cifar_org_dataset\batch_3_1603.png,C:\Users\ASUS\Desktop\research\mitacs project\paper experiments\cifar dataset\cifar_gen_dataset\batch_3_1603.png,contrast,not car,not car,1,0.861603987
205,480,C:\Users\ASUS\Desktop\research\mitacs project\paper experiments\cifar dataset\cifar_org_dataset\batch_3_1654.png,C:\Users\ASUS\Desktop\research\mitacs project\paper experiments\cifar dataset\cifar_gen_dataset\batch_3_1654.png,contrast,not car,not car,1,0.397726565
206,481,C:\Users\ASUS\Desktop\research\mitacs project\paper experiments\cifar dataset\cifar_org_dataset\batch_3_1672.png,C:\Users\ASUS\Desktop\research\mitacs project\paper experiments\cifar dataset\cifar_gen_dataset\batch_3_1672.png,contrast,not car,not car,1,0.282007285
207,482,C:\Users\ASUS\Desktop\research\mitacs project\paper experiments\cifar dataset\cifar_org_dataset\batch_3_1699.png,C:\Users\ASUS\Desktop\research\mitacs project\paper experiments\cifar dataset\cifar_gen_dataset\batch_3_1699.png,contrast,not car,not car,1,0.024963735
208,483,C:\Users\ASUS\Desktop\research\mitacs project\paper experiments\cifar dataset\cifar_org_dataset\batch_3_1807.png,C:\Users\ASUS\Desktop\research\mitacs project\paper experiments\cifar dataset\cifar_gen_dataset\batch_3_1807.png,contrast,not car,not car,1,0.553639564
209,484,C:\Users\ASUS\Desktop\research\mitacs project\paper experiments\cifar dataset\cifar_org_dataset\batch_3_1886.png,C:\Users\ASUS\Desktop\research\mitacs project\paper experiments\cifar dataset\cifar_gen_dataset\batch_3_1886.png,contrast,not car,not car,1,0.532265915
210,485,C:\Users\ASUS\Desktop\research\mitacs project\paper experiments\cifar dataset\cifar_org_dataset\batch_3_1892.png,C:\Users\ASUS\Desktop\research\mitacs project\paper experiments\cifar dataset\cifar_gen_dataset\batch_3_1892.png,contrast,car,not car,0,0.592908908
211,486,C:\Users\ASUS\Desktop\research\mitacs project\paper experiments\cifar dataset\cifar_org_dataset\batch_3_1942.png,C:\Users\ASUS\Desktop\research\mitacs project\paper experiments\cifar dataset\cifar_gen_dataset\batch_3_1942.png,contrast,not car,not car,1,0.945974351
212,487,C:\Users\ASUS\Desktop\research\mitacs project\paper experiments\cifar dataset\cifar_org_dataset\batch_3_1964.png,C:\Users\ASUS\Desktop\research\mitacs project\paper experiments\cifar dataset\cifar_gen_dataset\batch_3_1964.png,contrast,not car,not car,1,0.776535615
213,488,C:\Users\ASUS\Desktop\research\mitacs project\paper experiments\cifar dataset\cifar_org_dataset\batch_3_225.png,C:\Users\ASUS\Desktop\research\mitacs project\paper experiments\cifar dataset\cifar_gen_dataset\batch_3_225.png,contrast,not car,not car,1,0.91496449
214,489,C:\Users\ASUS\Desktop\research\mitacs project\paper experiments\cifar dataset\cifar_org_dataset\batch_3_2463.png,C:\Users\ASUS\Desktop\research\mitacs project\paper experiments\cifar dataset\cifar_gen_dataset\batch_3_2463.png,contrast,not car,not car,1,0.18035979
215,490,C:\Users\ASUS\Desktop\research\mitacs project\paper experiments\cifar dataset\cifar_org_dataset\batch_3_2649.png,C:\Users\ASUS\Desktop\research\mitacs project\paper experiments\cifar dataset\cifar_gen_dataset\batch_3_2649.png,contrast,not car,not car,1,0.51025964
216,491,C:\Users\ASUS\Desktop\research\mitacs project\paper experiments\cifar dataset\cifar_org_dataset\batch_3_2695.png,C:\Users\ASUS\Desktop\research\mitacs project\paper experiments\cifar dataset\cifar_gen_dataset\batch_3_2695.png,contrast,not car,not car,1,0.896728907
217,492,C:\Users\ASUS\Desktop\research\mitacs project\paper experiments\cifar dataset\cifar_org_dataset\batch_3_2929.png,C:\Users\ASUS\Desktop\research\mitacs project\paper experiments\cifar dataset\cifar_gen_dataset\batch_3_2929.png,contrast,not car,not car,1,0.947970818
218,493,C:\Users\ASUS\Desktop\research\mitacs project\paper experiments\cifar dataset\cifar_org_dataset\batch_3_3122.png,C:\Users\ASUS\Desktop\research\mitacs project\paper experiments\cifar dataset\cifar_gen_dataset\batch_3_3122.png,contrast,not car,not car,1,0.744416797
219,494,C:\Users\ASUS\Desktop\research\mitacs project\paper experiments\cifar dataset\cifar_org_dataset\batch_3_3129.png,C:\Users\ASUS\Desktop\research\mitacs project\paper experiments\cifar dataset\cifar_gen_dataset\batch_3_3129.png,contrast,car,car,1,0.543257944
220,495,C:\Users\ASUS\Desktop\research\mitacs project\paper experiments\cifar dataset\cifar_org_dataset\batch_3_3176.png,C:\Users\ASUS\Desktop\research\mitacs project\paper experiments\cifar dataset\cifar_gen_dataset\batch_3_3176.png,contrast,not car,not car,1,0.0355748
221,496,C:\Users\ASUS\Desktop\research\mitacs project\paper experiments\cifar dataset\cifar_org_dataset\batch_3_3219.png,C:\Users\ASUS\Desktop\research\mitacs project\paper experiments\cifar dataset\cifar_gen_dataset\batch_3_3219.png,contrast,not car,not car,1,0.499541373
222,497,C:\Users\ASUS\Desktop\research\mitacs project\paper experiments\cifar dataset\cifar_org_dataset\batch_3_3458.png,C:\Users\ASUS\Desktop\research\mitacs project\paper experiments\cifar dataset\cifar_gen_dataset\batch_3_3458.png,contrast,not car,not car,1,0.392831749
223,498,C:\Users\ASUS\Desktop\research\mitacs project\paper experiments\cifar dataset\cifar_org_dataset\batch_3_3536.png,C:\Users\ASUS\Desktop\research\mitacs project\paper experiments\cifar dataset\cifar_gen_dataset\batch_3_3536.png,contrast,not car,not car,1,0.512639002
224,499,C:\Users\ASUS\Desktop\research\mitacs project\paper experiments\cifar dataset\cifar_org_dataset\batch_3_4030.png,C:\Users\ASUS\Desktop\research\mitacs project\paper experiments\cifar dataset\cifar_gen_dataset\batch_3_4030.png,contrast,not car,not car,1,0.703868006
225,500,C:\Users\ASUS\Desktop\research\mitacs project\paper experiments\cifar dataset\cifar_org_dataset\batch_3_4077.png,C:\Users\ASUS\Desktop\research\mitacs project\paper experiments\cifar dataset\cifar_gen_dataset\batch_3_4077.png,contrast,not car,not car,1,0.817225041
226,501,C:\Users\ASUS\Desktop\research\mitacs project\paper experiments\cifar dataset\cifar_org_dataset\batch_3_433.png,C:\Users\ASUS\Desktop\research\mitacs project\paper experiments\cifar dataset\cifar_gen_dataset\batch_3_433.png,contrast,not car,not car,1,0.629260431
227,502,C:\Users\ASUS\Desktop\research\mitacs project\paper experiments\cifar dataset\cifar_org_dataset\batch_3_4525.png,C:\Users\ASUS\Desktop\research\mitacs project\paper experiments\cifar dataset\cifar_gen_dataset\batch_3_4525.png,contrast,not car,not car,1,0.754343528
228,503,C:\Users\ASUS\Desktop\research\mitacs project\paper experiments\cifar dataset\cifar_org_dataset\batch_3_4620.png,C:\Users\ASUS\Desktop\research\mitacs project\paper experiments\cifar dataset\cifar_gen_dataset\batch_3_4620.png,contrast,car,car,1,0.706870272
229,504,C:\Users\ASUS\Desktop\research\mitacs project\paper experiments\cifar dataset\cifar_org_dataset\batch_3_4834.png,C:\Users\ASUS\Desktop\research\mitacs project\paper experiments\cifar dataset\cifar_gen_dataset\batch_3_4834.png,contrast,not car,not car,1,0.548473475
230,505,C:\Users\ASUS\Desktop\research\mitacs project\paper experiments\cifar dataset\cifar_org_dataset\batch_3_4929.png,C:\Users\ASUS\Desktop\research\mitacs project\paper experiments\cifar dataset\cifar_gen_dataset\batch_3_4929.png,contrast,not car,not car,1,0.273487411
231,506,C:\Users\ASUS\Desktop\research\mitacs project\paper experiments\cifar dataset\cifar_org_dataset\batch_3_4958.png,C:\Users\ASUS\Desktop\research\mitacs project\paper experiments\cifar dataset\cifar_gen_dataset\batch_3_4958.png,contrast,not car,not car,1,0.753747676
232,507,C:\Users\ASUS\Desktop\research\mitacs project\paper experiments\cifar dataset\cifar_org_dataset\batch_3_5135.png,C:\Users\ASUS\Desktop\research\mitacs project\paper experiments\cifar dataset\cifar_gen_dataset\batch_3_5135.png,contrast,car,car,1,0.577025679
233,508,C:\Users\ASUS\Desktop\research\mitacs project\paper experiments\cifar dataset\cifar_org_dataset\batch_3_5293.png,C:\Users\ASUS\Desktop\research\mitacs project\paper experiments\cifar dataset\cifar_gen_dataset\batch_3_5293.png,contrast,not car,not car,1,0.929985342
234,509,C:\Users\ASUS\Desktop\research\mitacs project\paper experiments\cifar dataset\cifar_org_dataset\batch_3_5359.png,C:\Users\ASUS\Desktop\research\mitacs project\paper experiments\cifar dataset\cifar_gen_dataset\batch_3_5359.png,contrast,not car,not car,1,0.432184261
235,510,C:\Users\ASUS\Desktop\research\mitacs project\paper experiments\cifar dataset\cifar_org_dataset\batch_3_5395.png,C:\Users\ASUS\Desktop\research\mitacs project\paper experiments\cifar dataset\cifar_gen_dataset\batch_3_5395.png,contrast,not car,not car,1,0.808999191
236,511,C:\Users\ASUS\Desktop\research\mitacs project\paper experiments\cifar dataset\cifar_org_dataset\batch_3_5847.png,C:\Users\ASUS\Desktop\research\mitacs project\paper experiments\cifar dataset\cifar_gen_dataset\batch_3_5847.png,contrast,not car,not car,1,0.611247102
237,512,C:\Users\ASUS\Desktop\research\mitacs project\paper experiments\cifar dataset\cifar_org_dataset\batch_3_5941.png,C:\Users\ASUS\Desktop\research\mitacs project\paper experiments\cifar dataset\cifar_gen_dataset\batch_3_5941.png,contrast,not car,not car,1,0.983382126
238,513,C:\Users\ASUS\Desktop\research\mitacs project\paper experiments\cifar dataset\cifar_org_dataset\batch_3_5949.png,C:\Users\ASUS\Desktop\research\mitacs project\paper experiments\cifar dataset\cifar_gen_dataset\batch_3_5949.png,contrast,not car,not car,1,0.848402683
239,514,C:\Users\ASUS\Desktop\research\mitacs project\paper experiments\cifar dataset\cifar_org_dataset\batch_3_6103.png,C:\Users\ASUS\Desktop\research\mitacs project\paper experiments\cifar dataset\cifar_gen_dataset\batch_3_6103.png,contrast,not car,not car,1,0.33719542
240,515,C:\Users\ASUS\Desktop\research\mitacs project\paper experiments\cifar dataset\cifar_org_dataset\batch_3_635.png,C:\Users\ASUS\Desktop\research\mitacs project\paper experiments\cifar dataset\cifar_gen_dataset\batch_3_635.png,contrast,car,car,1,0.302135182
241,516,C:\Users\ASUS\Desktop\research\mitacs project\paper experiments\cifar dataset\cifar_org_dataset\batch_3_6392.png,C:\Users\ASUS\Desktop\research\mitacs project\paper experiments\cifar dataset\cifar_gen_dataset\batch_3_6392.png,contrast,not car,not car,1,0.606149382
242,517,C:\Users\ASUS\Desktop\research\mitacs project\paper experiments\cifar dataset\cifar_org_dataset\batch_3_6781.png,C:\Users\ASUS\Desktop\research\mitacs project\paper experiments\cifar dataset\cifar_gen_dataset\batch_3_6781.png,contrast,not car,not car,1,0.929554865
243,518,C:\Users\ASUS\Desktop\research\mitacs project\paper experiments\cifar dataset\cifar_org_dataset\batch_3_7250.png,C:\Users\ASUS\Desktop\research\mitacs project\paper experiments\cifar dataset\cifar_gen_dataset\batch_3_7250.png,contrast,not car,not car,1,0.870334449
244,519,C:\Users\ASUS\Desktop\research\mitacs project\paper experiments\cifar dataset\cifar_org_dataset\batch_3_7327.png,C:\Users\ASUS\Desktop\research\mitacs project\paper experiments\cifar dataset\cifar_gen_dataset\batch_3_7327.png,contrast,not car,not car,1,0.721547639
245,520,C:\Users\ASUS\Desktop\research\mitacs project\paper experiments\cifar dataset\cifar_org_dataset\batch_3_7446.png,C:\Users\ASUS\Desktop\research\mitacs project\paper experiments\cifar dataset\cifar_gen_dataset\batch_3_7446.png,contrast,not car,not car,1,0.329876199
246,521,C:\Users\ASUS\Desktop\research\mitacs project\paper experiments\cifar dataset\cifar_org_dataset\batch_3_7593.png,C:\Users\ASUS\Desktop\research\mitacs project\paper experiments\cifar dataset\cifar_gen_dataset\batch_3_7593.png,contrast,car,car,1,0.660742749
247,522,C:\Users\ASUS\Desktop\research\mitacs project\paper experiments\cifar dataset\cifar_org_dataset\batch_3_7666.png,C:\Users\ASUS\Desktop\research\mitacs project\paper experiments\cifar dataset\cifar_gen_dataset\batch_3_7666.png,contrast,not car,not car,1,0.77058256
248,523,C:\Users\ASUS\Desktop\research\mitacs project\paper experiments\cifar dataset\cifar_org_dataset\batch_3_7784.png,C:\Users\ASUS\Desktop\research\mitacs project\paper experiments\cifar dataset\cifar_gen_dataset\batch_3_7784.png,contrast,car,not car,0,0.301110132
249,524,C:\Users\ASUS\Desktop\research\mitacs project\paper experiments\cifar dataset\cifar_org_dataset\batch_3_788.png,C:\Users\ASUS\Desktop\research\mitacs project\paper experiments\cifar dataset\cifar_gen_dataset\batch_3_788.png,contrast,not car,not car,1,0.700873321
250,525,C:\Users\ASUS\Desktop\research\mitacs project\paper experiments\cifar dataset\cifar_org_dataset\batch_3_793.png,C:\Users\ASUS\Desktop\research\mitacs project\paper experiments\cifar dataset\cifar_gen_dataset\batch_3_793.png,contrast,not car,not car,1,0.302801348
251,526,C:\Users\ASUS\Desktop\research\mitacs project\paper experiments\cifar dataset\cifar_org_dataset\batch_3_804.png,C:\Users\ASUS\Desktop\research\mitacs project\paper experiments\cifar dataset\cifar_gen_dataset\batch_3_804.png,contrast,car,car,1,0.717121311
252,527,C:\Users\ASUS\Desktop\research\mitacs project\paper experiments\cifar dataset\cifar_org_dataset\batch_3_8111.png,C:\Users\ASUS\Desktop\research\mitacs project\paper experiments\cifar dataset\cifar_gen_dataset\batch_3_8111.png,contrast,not car,not car,1,0.795996448
253,528,C:\Users\ASUS\Desktop\research\mitacs project\paper experiments\cifar dataset\cifar_org_dataset\batch_3_8121.png,C:\Users\ASUS\Desktop\research\mitacs project\paper experiments\cifar dataset\cifar_gen_dataset\batch_3_8121.png,contrast,not car,not car,1,0.687742025
254,529,C:\Users\ASUS\Desktop\research\mitacs project\paper experiments\cifar dataset\cifar_org_dataset\batch_3_8142.png,C:\Users\ASUS\Desktop\research\mitacs project\paper experiments\cifar dataset\cifar_gen_dataset\batch_3_8142.png,contrast,not car,not car,1,0.776134606
255,530,C:\Users\ASUS\Desktop\research\mitacs project\paper experiments\cifar dataset\cifar_org_dataset\batch_3_8158.png,C:\Users\ASUS\Desktop\research\mitacs project\paper experiments\cifar dataset\cifar_gen_dataset\batch_3_8158.png,contrast,not car,not car,1,0.680111271
256,531,C:\Users\ASUS\Desktop\research\mitacs project\paper experiments\cifar dataset\cifar_org_dataset\batch_3_8168.png,C:\Users\ASUS\Desktop\research\mitacs project\paper experiments\cifar dataset\cifar_gen_dataset\batch_3_8168.png,contrast,not car,not car,1,0.767754476
257,532,C:\Users\ASUS\Desktop\research\mitacs project\paper experiments\cifar dataset\cifar_org_dataset\batch_3_8185.png,C:\Users\ASUS\Desktop\research\mitacs project\paper experiments\cifar dataset\cifar_gen_dataset\batch_3_8185.png,contrast,not car,not car,1,0.915723917
258,533,C:\Users\ASUS\Desktop\research\mitacs project\paper experiments\cifar dataset\cifar_org_dataset\batch_3_8428.png,C:\Users\ASUS\Desktop\research\mitacs project\paper experiments\cifar dataset\cifar_gen_dataset\batch_3_8428.png,contrast,not car,not car,1,0.298506139
259,534,C:\Users\ASUS\Desktop\research\mitacs project\paper experiments\cifar dataset\cifar_org_dataset\batch_3_8456.png,C:\Users\ASUS\Desktop\research\mitacs project\paper experiments\cifar dataset\cifar_gen_dataset\batch_3_8456.png,contrast,not car,not car,1,0.67760848
260,535,C:\Users\ASUS\Desktop\research\mitacs project\paper experiments\cifar dataset\cifar_org_dataset\batch_3_8480.png,C:\Users\ASUS\Desktop\research\mitacs project\paper experiments\cifar dataset\cifar_gen_dataset\batch_3_8480.png,contrast,not car,not car,1,0.846817527
261,536,C:\Users\ASUS\Desktop\research\mitacs project\paper experiments\cifar dataset\cifar_org_dataset\batch_3_8560.png,C:\Users\ASUS\Desktop\research\mitacs project\paper experiments\cifar dataset\cifar_gen_dataset\batch_3_8560.png,contrast,not car,car,0,0.868233253
262,537,C:\Users\ASUS\Desktop\research\mitacs project\paper experiments\cifar dataset\cifar_org_dataset\batch_3_8572.png,C:\Users\ASUS\Desktop\research\mitacs project\paper experiments\cifar dataset\cifar_gen_dataset\batch_3_8572.png,contrast,car,car,1,0.813218184
263,538,C:\Users\ASUS\Desktop\research\mitacs project\paper experiments\cifar dataset\cifar_org_dataset\batch_3_8607.png,C:\Users\ASUS\Desktop\research\mitacs project\paper experiments\cifar dataset\cifar_gen_dataset\batch_3_8607.png,contrast,not car,not car,1,0.415185446
264,539,C:\Users\ASUS\Desktop\research\mitacs project\paper experiments\cifar dataset\cifar_org_dataset\batch_3_8865.png,C:\Users\ASUS\Desktop\research\mitacs project\paper experiments\cifar dataset\cifar_gen_dataset\batch_3_8865.png,contrast,not car,not car,1,0.496370539
265,540,C:\Users\ASUS\Desktop\research\mitacs project\paper experiments\cifar dataset\cifar_org_dataset\batch_3_8999.png,C:\Users\ASUS\Desktop\research\mitacs project\paper experiments\cifar dataset\cifar_gen_dataset\batch_3_8999.png,contrast,not car,not car,1,0.229349372
266,541,C:\Users\ASUS\Desktop\research\mitacs project\paper experiments\cifar dataset\cifar_org_dataset\batch_3_9062.png,C:\Users\ASUS\Desktop\research\mitacs project\paper experiments\cifar dataset\cifar_gen_dataset\batch_3_9062.png,contrast,not car,not car,1,0.593491555
267,542,C:\Users\ASUS\Desktop\research\mitacs project\paper experiments\cifar dataset\cifar_org_dataset\batch_3_923.png,C:\Users\ASUS\Desktop\research\mitacs project\paper experiments\cifar dataset\cifar_gen_dataset\batch_3_923.png,contrast,not car,not car,1,0.511978063
268,543,C:\Users\ASUS\Desktop\research\mitacs project\paper experiments\cifar dataset\cifar_org_dataset\batch_3_9319.png,C:\Users\ASUS\Desktop\research\mitacs project\paper experiments\cifar dataset\cifar_gen_dataset\batch_3_9319.png,contrast,not car,not car,1,0.466646823
269,544,C:\Users\ASUS\Desktop\research\mitacs project\paper experiments\cifar dataset\cifar_org_dataset\batch_3_9547.png,C:\Users\ASUS\Desktop\research\mitacs project\paper experiments\cifar dataset\cifar_gen_dataset\batch_3_9547.png,contrast,not car,not car,1,0.667599725
270,545,C:\Users\ASUS\Desktop\research\mitacs project\paper experiments\cifar dataset\cifar_org_dataset\batch_3_961.png,C:\Users\ASUS\Desktop\research\mitacs project\paper experiments\cifar dataset\cifar_gen_dataset\batch_3_961.png,contrast,not car,not car,1,0.569597658
271,546,C:\Users\ASUS\Desktop\research\mitacs project\paper experiments\cifar dataset\cifar_org_dataset\batch_3_9645.png,C:\Users\ASUS\Desktop\research\mitacs project\paper experiments\cifar dataset\cifar_gen_dataset\batch_3_9645.png,contrast,not car,not car,1,0.869433098
272,547,C:\Users\ASUS\Desktop\research\mitacs project\paper experiments\cifar dataset\cifar_org_dataset\batch_3_9672.png,C:\Users\ASUS\Desktop\research\mitacs project\paper experiments\cifar dataset\cifar_gen_dataset\batch_3_9672.png,contrast,car,car,1,0.887334788
273,548,C:\Users\ASUS\Desktop\research\mitacs project\paper experiments\cifar dataset\cifar_org_dataset\batch_3_9772.png,C:\Users\ASUS\Desktop\research\mitacs project\paper experiments\cifar dataset\cifar_gen_dataset\batch_3_9772.png,contrast,not car,not car,1,0.617086137
